축,쪽,키워드,설명
EI,E,주점,밤 문화
EI,E,노래방,밤 문화
EI,E,PC방,밤 문화
EI,E,비디오방,밤 문화
EI,I,독서실,조용한 공부
EI,I,서점,조용한 공부
EI,I,입시·교과학원,조용한 공부
EI,I,외국어학원,조용한 공부
EI,I,고시학원,조용한 공부
EI,I,고시원,조용한 공부
SN,S,편의점,생활 실용
SN,S,슈퍼마켓,생활 실용
SN,S,세탁,생활 실용
SN,S,약국,생활 실용
SN,S,부동산 중개,생활 실용
SN,S,철물,생활 실용
SN,S,반찬,생활 실용
SN,S,정육점,생활 실용
SN,S,채소/과일,생활 실용
SN,S,수선업,생활 실용
SN,S,수리업,생활 실용
SN,N,비알코올,감성
SN,N,꽃집,감성
SN,N,예술품,감성
SN,N,기념품점,감성
SN,N,사진촬영,감성
SN,N,빵/도넛,감성
SN,N,아이스크림/빙수,감성
SN,N,액세서리/잡화,감성
SN,N,네일숍,감성
SN,N,음반,감성
SN,N,악기,감성
TF,T,@프랜차이즈,프랜차이즈
TF,F,@개인가게,개인 가게
JP,J,헬스장,예약·정기
JP,J,요가/필라테스,예약·정기
JP,J,태권도/무술,예약·정기
JP,J,음악학원,예약·정기
JP,J,미술학원,예약·정기
JP,J,의원,예약·정기
JP,J,미용실,예약·정기
JP,J,피부 관리실,예약·정기
JP,J,체형/비만,예약·정기
JP,J,골프 연습장,예약·정기
JP,J,수영장,예약·정기
JP,P,전자 게임장,즉흥·놀이
JP,P,오락장,즉흥·놀이
JP,P,당구장,즉흥·놀이
JP,P,볼링장,즉흥·놀이
JP,P,탁구장,즉흥·놀이
JP,P,만화방,즉흥·놀이
JP,P,아이스크림 할인점,즉흥·놀이
JP,P,김밥/만두/분식,즉흥·놀이
JP,P,토스트,즉흥·놀이
JP,P,버거,즉흥·놀이
JP,P,복권,즉흥·놀이
