유형,별명,소개
ESTJ,동네 반장,헬스장 출석과 편의점 동선이 완벽하게 짜인 동네. 밤에도 놀지만 다음 날 일정은 지킵니다.
ESTP,불금 해결사,퇴근하고 바로 2차까지 가능한 동네. 가까운 체인점이 많아 고민할 틈이 없습니다.
ESFJ,골목 인싸,단골 사장님이 이름을 기억해 주는 동네. 밤에도 정겨운 동네 술집이 불을 켭니다.
ESFP,즉흥 파티 골목,계획 없이 나가도 놀 거리가 넘치는 동네. 개인 가게들이 밤마다 축제를 엽니다.
ENTJ,야망의 오피스 상권,"낮엔 회의, 밤엔 회식. 프랜차이즈 카페와 예약제 가게가 하루를 빈틈없이 채웁니다."
ENTP,트렌드 실험실,새로 생긴 브랜드 매장이 제일 먼저 들어오는 동네. 오늘도 뭔가 새롭습니다.
ENFJ,감성 모임장,예약하고 가는 공방과 분위기 좋은 바가 함께 있는 동네. 친구를 데려가고 싶어집니다.
ENFP,골목 탐험가,"카페 한 집 건너 술집, 그 사이 소품샵. 개인 가게가 많아 걸을수록 재밌는 동네입니다."
ISTJ,정석 주거지,편의점·세탁소·학원이 제자리에 있는 동네. 조용하고 반듯하게 하루가 흘러갑니다.
ISTP,실속 생활러,필요한 건 다 있고 군더더기는 없는 동네. 체인점 덕분에 어디서든 익숙합니다.
ISFJ,다정한 단골 동네,오래된 반찬가게와 세탁소 사장님이 지켜 주는 동네. 조용하지만 따뜻합니다.
ISFP,느긋한 산책 동네,개인 가게 사이를 천천히 걷기 좋은 동네. 계획 없이 들른 가게가 단골이 됩니다.
INTJ,조용한 전략가,"스터디카페와 학원, 예약제 병원이 촘촘한 동네. 목표가 있는 사람들이 모입니다."
INTP,몰입형 아지트,조용한 카페와 PC방·만화방이 공존하는 동네. 혼자 깊이 빠지기 좋습니다.
INFJ,비밀 정원,조용한 골목 안쪽에 공방과 작은 서점이 숨어 있는 동네. 아는 사람만 압니다.
INFP,몽상가의 골목,작은 카페와 꽃집이 많은 조용한 동네. 계획 없이 걸어도 마음이 편해집니다.
